<?xml version="1.0" encoding="UTF-8"?>
<project-private xmlns="http://www.netbeans.org/ns/project-private/1">
    <editor-bookmarks xmlns="http://www.netbeans.org/ns/editor-bookmarks/2" lastBookmarkId="0"/>
    <open-files xmlns="http://www.netbeans.org/ns/projectui-open-files/2">
        <group>
            <file>file:/D:/Workspace/Java/MovingDiary/src/Discripter/TextDiscripter.java</file>
            <file>file:/D:/Workspace/Java/MovingDiary/src/movingdiary/Stage.java</file>
            <file>file:/D:/Workspace/Java/MovingDiary/src/movingdiary/MainFrame.java</file>
            <file>file:/D:/Workspace/Java/MovingDiary/src/movingdiary/animationStage.java</file>
            <file>file:/D:/Workspace/Java/MovingDiary/src/movingdiary/AnimationVeiwer.java</file>
            <file>file:/D:/Workspace/Java/MovingDiary/src/Discripter/TileDiscripter.java</file>
            <file>file:/D:/Workspace/Java/MovingDiary/src/movingdiary/LoadingPanel.java</file>
            <file>file:/D:/Workspace/Java/MovingDiary/src/Discripter/MainFrameDiscripter.java</file>
        </group>
    </open-files>
</project-private>
